name,region_code,code,id,province_code,district_code,city_class
City of Caloocan,1300000000,1380100000,1,,,
City of Las Piñas,1300000000,1380200000,2,,,
City of Makati,1300000000,1380300000,3,,,
City of Malabon,1300000000,1380400000,4,,,
City of Mandaluyong,1300000000,1380500000,5,,,
City of Manila,1300000000,1380600000,6,,,
City of Marikina,1300000000,1380700000,7,,,
City of Muntinlupa,1300000000,1380800000,8,,,
City of Navotas,1300000000,1380900000,9,,,
City of Parañaque,1300000000,1381000000,10,,,
Pasay City,1300000000,1381100000,11,,,
City of Pasig,1300000000,1381200000,12,,,
Quezon City,1300000000,1381300000,13,,,
City of San Juan,1300000000,1381400000,14,,,
City of Taguig,1300000000,1381500000,15,,,
City of Valenzuela,1300000000,1381600000,16,,,
Pateros,1300000000,1381701000,17,,,
Bangued,1400000000,1400101000,18,1400100000,,
Boliney,1400000000,1400102000,19,1400100000,,
Bucay,1400000000,1400103000,20,1400100000,,
Bucloc,1400000000,1400104000,21,1400100000,,
Daguioman,1400000000,1400105000,22,1400100000,,
Danglas,1400000000,1400106000,23,1400100000,,
Dolores,1400000000,1400107000,24,1400100000,,
La Paz,1400000000,1400108000,25,1400100000,,
Lacub,1400000000,1400109000,26,1400100000,,
Lagangilang,1400000000,1400110000,27,1400100000,,
Lagayan,1400000000,1400111000,28,1400100000,,
Langiden,1400000000,1400112000,29,1400100000,,
Licuan-Baay,1400000000,1400113000,30,1400100000,,
Luba,1400000000,1400114000,31,1400100000,,
Malibcong,1400000000,1400115000,32,1400100000,,
Manabo,1400000000,1400116000,33,1400100000,,
Peñarrubia,1400000000,1400117000,34,1400100000,,
Pidigan,1400000000,1400118000,35,1400100000,,
Pilar,1400000000,1400119000,36,1400100000,,
Sallapadan,1400000000,1400120000,37,1400100000,,
San Isidro,1400000000,1400121000,38,1400100000,,
San Juan,1400000000,1400122000,39,1400100000,,
San Quintin,1400000000,1400123000,40,1400100000,,
Tayum,1400000000,1400124000,41,1400100000,,
Tineg,1400000000,1400125000,42,1400100000,,
Tubo,1400000000,1400126000,43,1400100000,,
Villaviciosa,1400000000,1400127000,44,1400100000,,
Atok,1400000000,1401101000,45,1401100000,,
Bakun,1400000000,1401103000,46,1401100000,,
Bokod,1400000000,1401104000,47,1401100000,,
Buguias,1400000000,1401105000,48,1401100000,,
Itogon,1400000000,1401106000,49,1401100000,,
Kabayan,1400000000,1401107000,50,1401100000,,
Kapangan,1400000000,1401108000,51,1401100000,,
Kibungan,1400000000,1401109000,52,1401100000,,
La Trinidad,1400000000,1401110000,53,1401100000,,
Mankayan,1400000000,1401111000,54,1401100000,,
Sablan,1400000000,1401112000,55,1401100000,,
Tuba,1400000000,1401113000,56,1401100000,,
Tublay,1400000000,1401114000,57,1401100000,,
Banaue,1400000000,1402701000,58,1402700000,,
Hungduan,1400000000,1402702000,59,1402700000,,
Kiangan,1400000000,1402703000,60,1402700000,,
Lagawe,1400000000,1402704000,61,1402700000,,
Lamut,1400000000,1402705000,62,1402700000,,
Mayoyao,1400000000,1402706000,63,1402700000,,
Alfonso Lista,1400000000,1402707000,64,1402700000,,
Aguinaldo,1400000000,1402708000,65,1402700000,,
Hingyon,1400000000,1402709000,66,1402700000,,
Tinoc,1400000000,1402710000,67,1402700000,,
Asipulo,1400000000,1402711000,68,1402700000,,
Balbalan,1400000000,1403201000,69,1403200000,,
Lubuagan,1400000000,1403206000,70,1403200000,,
Pasil,1400000000,1403208000,71,1403200000,,
Pinukpuk,1400000000,1403209000,72,1403200000,,
Rizal,1400000000,1403211000,73,1403200000,,
City of Tabuk,1400000000,1403213000,74,1403200000,,
Tanudan,1400000000,1403214000,75,1403200000,,
Tinglayan,1400000000,1403215000,76,1403200000,,
Barlig,1400000000,1404401000,77,1404400000,,
Bauko,1400000000,1404402000,78,1404400000,,
Besao,1400000000,1404403000,79,1404400000,,
Bontoc,1400000000,1404404000,80,1404400000,,
Natonin,1400000000,1404405000,81,1404400000,,
Paracelis,1400000000,1404406000,82,1404400000,,
Sabangan,1400000000,1404407000,83,1404400000,,
Sadanga,1400000000,1404408000,84,1404400000,,
Sagada,1400000000,1404409000,85,1404400000,,
Tadian,1400000000,1404410000,86,1404400000,,
Calanasan,1400000000,1408101000,87,1408100000,,
Conner,1400000000,1408102000,88,1408100000,,
Flora,1400000000,1408103000,89,1408100000,,
Kabugao,1400000000,1408104000,90,1408100000,,
Luna,1400000000,1408105000,91,1408100000,,
Pudtol,1400000000,1408106000,92,1408100000,,
Santa Marcela,1400000000,1408107000,93,1408100000,,
City of Baguio,1400000000,1430300000,94,1401100000,,
Adams,0100000000,0102801000,95,0102800000,,
Bacarra,0100000000,0102802000,96,0102800000,,
Badoc,0100000000,0102803000,97,0102800000,,
Bangui,0100000000,0102804000,98,0102800000,,
City of Batac,0100000000,0102805000,99,0102800000,,
Burgos,0100000000,0102806000,100,0102800000,,
Carasi,0100000000,0102807000,101,0102800000,,
Currimao,0100000000,0102808000,102,0102800000,,
Dingras,0100000000,0102809000,103,0102800000,,
Dumalneg,0100000000,0102810000,104,0102800000,,
Banna,0100000000,0102811000,105,0102800000,,
City of Laoag,0100000000,0102812000,106,0102800000,,
Marcos,0100000000,0102813000,107,0102800000,,
Nueva Era,0100000000,0102814000,108,0102800000,,
Pagudpud,0100000000,0102815000,109,0102800000,,
Paoay,0100000000,0102816000,110,0102800000,,
Pasuquin,0100000000,0102817000,111,0102800000,,
Piddig,0100000000,0102818000,112,0102800000,,
Pinili,0100000000,0102819000,113,0102800000,,
San Nicolas,0100000000,0102820000,114,0102800000,,
Sarrat,0100000000,0102821000,115,0102800000,,
Solsona,0100000000,0102822000,116,0102800000,,
Vintar,0100000000,0102823000,117,0102800000,,
Alilem,0100000000,0102901000,118,0102900000,,
Banayoyo,0100000000,0102902000,119,0102900000,,
Bantay,0100000000,0102903000,120,0102900000,,
Burgos,0100000000,0102904000,121,0102900000,,
Cabugao,0100000000,0102905000,122,0102900000,,
City of Candon,0100000000,0102906000,123,0102900000,,
Caoayan,0100000000,0102907000,124,0102900000,,
Cervantes,0100000000,0102908000,125,0102900000,,
Galimuyod,0100000000,0102909000,126,0102900000,,
Gregorio del Pilar,0100000000,0102910000,127,0102900000,,
Lidlidda,0100000000,0102911000,128,0102900000,,
Magsingal,0100000000,0102912000,129,0102900000,,
Nagbukel,0100000000,0102913000,130,0102900000,,
Narvacan,0100000000,0102914000,131,0102900000,,
Quirino,0100000000,0102915000,132,0102900000,,
Salcedo,0100000000,0102916000,133,0102900000,,
San Emilio,0100000000,0102917000,134,0102900000,,
San Esteban,0100000000,0102918000,135,0102900000,,
San Ildefonso,0100000000,0102919000,136,0102900000,,
San Juan,0100000000,0102920000,137,0102900000,,
San Vicente,0100000000,0102921000,138,0102900000,,
Santa,0100000000,0102922000,139,0102900000,,
Santa Catalina,0100000000,0102923000,140,0102900000,,
Santa Cruz,0100000000,0102924000,141,0102900000,,
Santa Lucia,0100000000,0102925000,142,0102900000,,
Santa Maria,0100000000,0102926000,143,0102900000,,
Santiago,0100000000,0102927000,144,0102900000,,
Santo Domingo,0100000000,0102928000,145,0102900000,,
Sigay,0100000000,0102929000,146,0102900000,,
Sinait,0100000000,0102930000,147,0102900000,,
Sugpon,0100000000,0102931000,148,0102900000,,
Suyo,0100000000,0102932000,149,0102900000,,
Tagudin,0100000000,0102933000,150,0102900000,,
City of Vigan,0100000000,0102934000,151,0102900000,,
Agoo,0100000000,0103301000,152,0103300000,,
Aringay,0100000000,0103302000,153,0103300000,,
Bacnotan,0100000000,0103303000,154,0103300000,,
Bagulin,0100000000,0103304000,155,0103300000,,
Balaoan,0100000000,0103305000,156,0103300000,,
Bangar,0100000000,0103306000,157,0103300000,,
Bauang,0100000000,0103307000,158,0103300000,,
Burgos,0100000000,0103308000,159,0103300000,,
Caba,0100000000,0103309000,160,0103300000,,
Luna,0100000000,0103310000,161,0103300000,,
Naguilian,0100000000,0103311000,162,0103300000,,
Pugo,0100000000,0103312000,163,0103300000,,
Rosario,0100000000,0103313000,164,0103300000,,
City of San Fernando,0100000000,0103314000,165,0103300000,,
San Gabriel,0100000000,0103315000,166,0103300000,,
San Juan,0100000000,0103316000,167,0103300000,,
Santo Tomas,0100000000,0103317000,168,0103300000,,
Santol,0100000000,0103318000,169,0103300000,,
Sudipen,0100000000,0103319000,170,0103300000,,
Tubao,0100000000,0103320000,171,0103300000,,
Agno,0100000000,0105501000,172,0105500000,,
Aguilar,0100000000,0105502000,173,0105500000,,
City of Alaminos,0100000000,0105503000,174,0105500000,,
Alcala,0100000000,0105504000,175,0105500000,,
Anda,0100000000,0105505000,176,0105500000,,
Asingan,0100000000,0105506000,177,0105500000,,
Balungao,0100000000,0105507000,178,0105500000,,
Bani,0100000000,0105508000,179,0105500000,,
Basista,0100000000,0105509000,180,0105500000,,
Bautista,0100000000,0105510000,181,0105500000,,
Bayambang,0100000000,0105511000,182,0105500000,,
Binalonan,0100000000,0105512000,183,0105500000,,
Binmaley,0100000000,0105513000,184,0105500000,,
Bolinao,0100000000,0105514000,185,0105500000,,
Bugallon,0100000000,0105515000,186,0105500000,,
Burgos,0100000000,0105516000,187,0105500000,,
Calasiao,0100000000,0105517000,188,0105500000,,
City of Dagupan,0100000000,0105518000,189,0105500000,,
Dasol,0100000000,0105519000,190,0105500000,,
Infanta,0100000000,0105520000,191,0105500000,,
Labrador,0100000000,0105521000,192,0105500000,,
Lingayen,0100000000,0105522000,193,0105500000,,
Mabini,0100000000,0105523000,194,0105500000,,
Malasiqui,0100000000,0105524000,195,0105500000,,
Manaoag,0100000000,0105525000,196,0105500000,,
Mangaldan,0100000000,0105526000,197,0105500000,,
Mangatarem,0100000000,0105527000,198,0105500000,,
Mapandan,0100000000,0105528000,199,0105500000,,
Natividad,0100000000,0105529000,200,0105500000,,
Pozorrubio,0100000000,0105530000,201,0105500000,,
Rosales,0100000000,0105531000,202,0105500000,,
City of San Carlos,0100000000,0105532000,203,0105500000,,
San Fabian,0100000000,0105533000,204,0105500000,,
San Jacinto,0100000000,0105534000,205,0105500000,,
San Manuel,0100000000,0105535000,206,0105500000,,
San Nicolas,0100000000,0105536000,207,0105500000,,
San Quintin,0100000000,0105537000,208,0105500000,,
Santa Barbara,0100000000,0105538000,209,0105500000,,
Santa Maria,0100000000,0105539000,210,0105500000,,
Santo Tomas,0100000000,0105540000,211,0105500000,,
Sison,0100000000,0105541000,212,0105500000,,
Sual,0100000000,0105542000,213,0105500000,,
Tayug,0100000000,0105543000,214,0105500000,,
Umingan,0100000000,0105544000,215,0105500000,,
Urbiztondo,0100000000,0105545000,216,0105500000,,
City of Urdaneta,0100000000,0105546000,217,0105500000,,
Villasis,0100000000,0105547000,218,0105500000,,
Laoac,0100000000,0105548000,219,0105500000,,
Basco,0200000000,0200901000,220,0200900000,,
Itbayat,0200000000,0200902000,221,0200900000,,
Ivana,0200000000,0200903000,222,0200900000,,
Mahatao,0200000000,0200904000,223,0200900000,,
Sabtang,0200000000,0200905000,224,0200900000,,
Uyugan,0200000000,0200906000,225,0200900000,,
Abulug,0200000000,0201501000,226,0201500000,,
Alcala,0200000000,0201502000,227,0201500000,,
Allacapan,0200000000,0201503000,228,0201500000,,
Amulung,0200000000,0201504000,229,0201500000,,
Aparri,0200000000,0201505000,230,0201500000,,
Baggao,0200000000,0201506000,231,0201500000,,
Ballesteros,0200000000,0201507000,232,0201500000,,
Buguey,0200000000,0201508000,233,0201500000,,
Calayan,0200000000,0201509000,234,0201500000,,
Camalaniugan,0200000000,0201510000,235,0201500000,,
Claveria,0200000000,0201511000,236,0201500000,,
Enrile,0200000000,0201512000,237,0201500000,,
Gattaran,0200000000,0201513000,238,0201500000,,
Gonzaga,0200000000,0201514000,239,0201500000,,
Iguig,0200000000,0201515000,240,0201500000,,
Lal-Lo,0200000000,0201516000,241,0201500000,,
Lasam,0200000000,0201517000,242,0201500000,,
Pamplona,0200000000,0201518000,243,0201500000,,
Peñablanca,0200000000,0201519000,244,0201500000,,
Piat,0200000000,0201520000,245,0201500000,,
Rizal,0200000000,0201521000,246,0201500000,,
Sanchez-Mira,0200000000,0201522000,247,0201500000,,
Santa Ana,0200000000,0201523000,248,0201500000,,
Santa Praxedes,0200000000,0201524000,249,0201500000,,
Santa Teresita,0200000000,0201525000,250,0201500000,,
Santo Niño,0200000000,0201526000,251,0201500000,,
Solana,0200000000,0201527000,252,0201500000,,
Tuao,0200000000,0201528000,253,0201500000,,
Tuguegarao City,0200000000,0201529000,254,0201500000,,
Alicia,0200000000,0203101000,255,0203100000,,
Angadanan,0200000000,0203102000,256,0203100000,,
Aurora,0200000000,0203103000,257,0203100000,,
Benito Soliven,0200000000,0203104000,258,0203100000,,
Burgos,0200000000,0203105000,259,0203100000,,
Cabagan,0200000000,0203106000,260,0203100000,,
Cabatuan,0200000000,0203107000,261,0203100000,,
City of Cauayan,0200000000,0203108000,262,0203100000,,
Cordon,0200000000,0203109000,263,0203100000,,
Dinapigue,0200000000,0203110000,264,0203100000,,
Divilacan,0200000000,0203111000,265,0203100000,,
Echague,0200000000,0203112000,266,0203100000,,
Gamu,0200000000,0203113000,267,0203100000,,
City of Ilagan,0200000000,0203114000,268,0203100000,,
Jones,0200000000,0203115000,269,0203100000,,
Luna,0200000000,0203116000,270,0203100000,,
Maconacon,0200000000,0203117000,271,0203100000,,
Delfin Albano,0200000000,0203118000,272,0203100000,,
Mallig,0200000000,0203119000,273,0203100000,,
Naguilian,0200000000,0203120000,274,0203100000,,
Palanan,0200000000,0203121000,275,0203100000,,
Quezon,0200000000,0203122000,276,0203100000,,
Quirino,0200000000,0203123000,277,0203100000,,
Ramon,0200000000,0203124000,278,0203100000,,
Reina Mercedes,0200000000,0203125000,279,0203100000,,
Roxas,0200000000,0203126000,280,0203100000,,
San Agustin,0200000000,0203127000,281,0203100000,,
San Guillermo,0200000000,0203128000,282,0203100000,,
San Isidro,0200000000,0203129000,283,0203100000,,
San Manuel,0200000000,0203130000,284,0203100000,,
San Mariano,0200000000,0203131000,285,0203100000,,
San Mateo,0200000000,0203132000,286,0203100000,,
San Pablo,0200000000,0203133000,287,0203100000,,
Santa Maria,0200000000,0203134000,288,0203100000,,
City of Santiago,0200000000,0203135000,289,0203100000,,
Santo Tomas,0200000000,0203136000,290,0203100000,,
Tumauini,0200000000,0203137000,291,0203100000,,
Ambaguio,0200000000,0205001000,292,0205000000,,
Aritao,0200000000,0205002000,293,0205000000,,
Bagabag,0200000000,0205003000,294,0205000000,,
Bambang,0200000000,0205004000,295,0205000000,,
Bayombong,0200000000,0205005000,296,0205000000,,
Diadi,0200000000,0205006000,297,0205000000,,
Dupax del Norte,0200000000,0205007000,298,0205000000,,
Dupax del Sur,0200000000,0205008000,299,0205000000,,
Kasibu,0200000000,0205009000,300,0205000000,,
Kayapa,0200000000,0205010000,301,0205000000,,
Quezon,0200000000,0205011000,302,0205000000,,
Santa Fe,0200000000,0205012000,303,0205000000,,
Solano,0200000000,0205013000,304,0205000000,,
Villaverde,0200000000,0205014000,305,0205000000,,
Alfonso Castaneda,0200000000,0205015000,306,0205000000,,
Aglipay,0200000000,0205701000,307,0205700000,,
Cabarroguis,0200000000,0205702000,308,0205700000,,
Diffun,0200000000,0205703000,309,0205700000,,
Maddela,0200000000,0205704000,310,0205700000,,
Saguday,0200000000,0205705000,311,0205700000,,
Nagtipunan,0200000000,0205706000,312,0205700000,,
Abucay,0300000000,0300801000,313,0300800000,,
Bagac,0300000000,0300802000,314,0300800000,,
City of Balanga,0300000000,0300803000,315,0300800000,,
Dinalupihan,0300000000,0300804000,316,0300800000,,
Hermosa,0300000000,0300805000,317,0300800000,,
Limay,0300000000,0300806000,318,0300800000,,
Mariveles,0300000000,0300807000,319,0300800000,,
Morong,0300000000,0300808000,320,0300800000,,
Orani,0300000000,0300809000,321,0300800000,,
Orion,0300000000,0300810000,322,0300800000,,
Pilar,0300000000,0300811000,323,0300800000,,
Samal,0300000000,0300812000,324,0300800000,,
Angat,0300000000,0301401000,325,0301400000,,
Balagtas,0300000000,0301402000,326,0301400000,,
City of Baliwag,0300000000,0301403000,327,0301400000,,
Bocaue,0300000000,0301404000,328,0301400000,,
Bulacan,0300000000,0301405000,329,0301400000,,
Bustos,0300000000,0301406000,330,0301400000,,
Calumpit,0300000000,0301407000,331,0301400000,,
Guiguinto,0300000000,0301408000,332,0301400000,,
Hagonoy,0300000000,0301409000,333,0301400000,,
City of Malolos,0300000000,0301410000,334,0301400000,,
Marilao,0300000000,0301411000,335,0301400000,,
City of Meycauayan,0300000000,0301412000,336,0301400000,,
Norzagaray,0300000000,0301413000,337,0301400000,,
Obando,0300000000,0301414000,338,0301400000,,
Pandi,0300000000,0301415000,339,0301400000,,
Paombong,0300000000,0301416000,340,0301400000,,
Plaridel,0300000000,0301417000,341,0301400000,,
Pulilan,0300000000,0301418000,342,0301400000,,
San Ildefonso,0300000000,0301419000,343,0301400000,,
City of San Jose Del Monte,0300000000,0301420000,344,0301400000,,
San Miguel,0300000000,0301421000,345,0301400000,,
San Rafael,0300000000,0301422000,346,0301400000,,
Santa Maria,0300000000,0301423000,347,0301400000,,
Doña Remedios Trinidad,0300000000,0301424000,348,0301400000,,
Aliaga,0300000000,0304901000,349,0304900000,,
Bongabon,0300000000,0304902000,350,0304900000,,
City of Cabanatuan,0300000000,0304903000,351,0304900000,,
Cabiao,0300000000,0304904000,352,0304900000,,
Carranglan,0300000000,0304905000,353,0304900000,,
Cuyapo,0300000000,0304906000,354,0304900000,,
Gabaldon,0300000000,0304907000,355,0304900000,,
City of Gapan,0300000000,0304908000,356,0304900000,,
General Mamerto Natividad,0300000000,0304909000,357,0304900000,,
General Tinio,0300000000,0304910000,358,0304900000,,
Guimba,0300000000,0304911000,359,0304900000,,
Jaen,0300000000,0304912000,360,0304900000,,
Laur,0300000000,0304913000,361,0304900000,,
Licab,0300000000,0304914000,362,0304900000,,
Llanera,0300000000,0304915000,363,0304900000,,
Lupao,0300000000,0304916000,364,0304900000,,
Science City of Muñoz,0300000000,0304917000,365,0304900000,,
Nampicuan,0300000000,0304918000,366,0304900000,,
City of Palayan,0300000000,0304919000,367,0304900000,,
Pantabangan,0300000000,0304920000,368,0304900000,,
Peñaranda,0300000000,0304921000,369,0304900000,,
Quezon,0300000000,0304922000,370,0304900000,,
Rizal,0300000000,0304923000,371,0304900000,,
San Antonio,0300000000,0304924000,372,0304900000,,
San Isidro,0300000000,0304925000,373,0304900000,,
San Jose City,0300000000,0304926000,374,0304900000,,
San Leonardo,0300000000,0304927000,375,0304900000,,
Santa Rosa,0300000000,0304928000,376,0304900000,,
Santo Domingo,0300000000,0304929000,377,0304900000,,
Talavera,0300000000,0304930000,378,0304900000,,
Talugtug,0300000000,0304931000,379,0304900000,,
Zaragoza,0300000000,0304932000,380,0304900000,,
Apalit,0300000000,0305402000,381,0305400000,,
Arayat,0300000000,0305403000,382,0305400000,,
Bacolor,0300000000,0305404000,383,0305400000,,
Candaba,0300000000,0305405000,384,0305400000,,
Floridablanca,0300000000,0305406000,385,0305400000,,
Guagua,0300000000,0305407000,386,0305400000,,
Lubao,0300000000,0305408000,387,0305400000,,
Mabalacat City,0300000000,0305409000,388,0305400000,,
Macabebe,0300000000,0305410000,389,0305400000,,
Magalang,0300000000,0305411000,390,0305400000,,
Masantol,0300000000,0305412000,391,0305400000,,
Mexico,0300000000,0305413000,392,0305400000,,
Minalin,0300000000,0305414000,393,0305400000,,
Porac,0300000000,0305415000,394,0305400000,,
City of San Fernando,0300000000,0305416000,395,0305400000,,
San Luis,0300000000,0305417000,396,0305400000,,
San Simon,0300000000,0305418000,397,0305400000,,
Santa Ana,0300000000,0305419000,398,0305400000,,
Santa Rita,0300000000,0305420000,399,0305400000,,
Sto. Tomas,0300000000,0305421000,400,0305400000,,
Sasmuan,0300000000,0305422000,401,0305400000,,
Anao,0300000000,0306901000,402,0306900000,,
Bamban,0300000000,0306902000,403,0306900000,,
Camiling,0300000000,0306903000,404,0306900000,,
Capas,0300000000,0306904000,405,0306900000,,
Concepcion,0300000000,0306905000,406,0306900000,,
Gerona,0300000000,0306906000,407,0306900000,,
La Paz,0300000000,0306907000,408,0306900000,,
Mayantoc,0300000000,0306908000,409,0306900000,,
Moncada,0300000000,0306909000,410,0306900000,,
Paniqui,0300000000,0306910000,411,0306900000,,
Pura,0300000000,0306911000,412,0306900000,,
Ramos,0300000000,0306912000,413,0306900000,,
San Clemente,0300000000,0306913000,414,0306900000,,
San Manuel,0300000000,0306914000,415,0306900000,,
Santa Ignacia,0300000000,0306915000,416,0306900000,,
City of Tarlac,0300000000,0306916000,417,0306900000,,
Victoria,0300000000,0306917000,418,0306900000,,
San Jose,0300000000,0306918000,419,0306900000,,
Botolan,0300000000,0307101000,420,0307100000,,
Cabangan,0300000000,0307102000,421,0307100000,,
Candelaria,0300000000,0307103000,422,0307100000,,
Castillejos,0300000000,0307104000,423,0307100000,,
Iba,0300000000,0307105000,424,0307100000,,
Masinloc,0300000000,0307106000,425,0307100000,,
Palauig,0300000000,0307108000,426,0307100000,,
San Antonio,0300000000,0307109000,427,0307100000,,
San Felipe,0300000000,0307110000,428,0307100000,,
San Marcelino,0300000000,0307111000,429,0307100000,,
San Narciso,0300000000,0307112000,430,0307100000,,
Santa Cruz,0300000000,0307113000,431,0307100000,,
Subic,0300000000,0307114000,432,0307100000,,
Baler,0300000000,0307701000,433,0307700000,,
Casiguran,0300000000,0307702000,434,0307700000,,
Dilasag,0300000000,0307703000,435,0307700000,,
Dinalungan,0300000000,0307704000,436,0307700000,,
Dingalan,0300000000,0307705000,437,0307700000,,
Dipaculao,0300000000,0307706000,438,0307700000,,
Maria Aurora,0300000000,0307707000,439,0307700000,,
San Luis,0300000000,0307708000,440,0307700000,,
Agoncillo,0400000000,0401001000,443,0401000000,,
Alitagtag,0400000000,0401002000,444,0401000000,,
Balayan,0400000000,0401003000,445,0401000000,,
Balete,0400000000,0401004000,446,0401000000,,
Batangas City,0400000000,0401005000,447,0401000000,,
Bauan,0400000000,0401006000,448,0401000000,,
City of Calaca,0400000000,0401007000,449,0401000000,,
Calatagan,0400000000,0401008000,450,0401000000,,
Cuenca,0400000000,0401009000,451,0401000000,,
Ibaan,0400000000,0401010000,452,0401000000,,
Laurel,0400000000,0401011000,453,0401000000,,
Lemery,0400000000,0401012000,454,0401000000,,
Lian,0400000000,0401013000,455,0401000000,,
City of Lipa,0400000000,0401014000,456,0401000000,,
Lobo,0400000000,0401015000,457,0401000000,,
Mabini,0400000000,0401016000,458,0401000000,,
Malvar,0400000000,0401017000,459,0401000000,,
Mataasnakahoy,0400000000,0401018000,460,0401000000,,
Nasugbu,0400000000,0401019000,461,0401000000,,
Padre Garcia,0400000000,0401020000,462,0401000000,,
Rosario,0400000000,0401021000,463,0401000000,,
San Jose,0400000000,0401022000,464,0401000000,,
San Juan,0400000000,0401023000,465,0401000000,,
San Luis,0400000000,0401024000,466,0401000000,,
San Nicolas,0400000000,0401025000,467,0401000000,,
San Pascual,0400000000,0401026000,468,0401000000,,
Santa Teresita,0400000000,0401027000,469,0401000000,,
City of Sto. Tomas,0400000000,0401028000,470,0401000000,,
Taal,0400000000,0401029000,471,0401000000,,
Talisay,0400000000,0401030000,472,0401000000,,
City of Tanauan,0400000000,0401031000,473,0401000000,,
Taysan,0400000000,0401032000,474,0401000000,,
Tingloy,0400000000,0401033000,475,0401000000,,
Tuy,0400000000,0401034000,476,0401000000,,
Alfonso,0400000000,0402101000,477,0402100000,,
Amadeo,0400000000,0402102000,478,0402100000,,
City of Bacoor,0400000000,0402103000,479,0402100000,,
City of Carmona,0400000000,0402104000,480,0402100000,,
City of Cavite,0400000000,0402105000,481,0402100000,,
City of Dasmariñas,0400000000,0402106000,482,0402100000,,
General Emilio Aguinaldo,0400000000,0402107000,483,0402100000,,
City of General Trias,0400000000,0402108000,484,0402100000,,
City of Imus,0400000000,0402109000,485,0402100000,,
Indang,0400000000,0402110000,486,0402100000,,
Kawit,0400000000,0402111000,487,0402100000,,
Magallanes,0400000000,0402112000,488,0402100000,,
Maragondon,0400000000,0402113000,489,0402100000,,
Mendez,0400000000,0402114000,490,0402100000,,
Naic,0400000000,0402115000,491,0402100000,,
Noveleta,0400000000,0402116000,492,0402100000,,
Rosario,0400000000,0402117000,493,0402100000,,
Silang,0400000000,0402118000,494,0402100000,,
City of Tagaytay,0400000000,0402119000,495,0402100000,,
Tanza,0400000000,0402120000,496,0402100000,,
Ternate,0400000000,0402121000,497,0402100000,,
City of Trece Martires,0400000000,0402122000,498,0402100000,,
Gen. Mariano Alvarez,0400000000,0402123000,499,0402100000,,
Alaminos,0400000000,0403401000,500,0403400000,,
Bay,0400000000,0403402000,501,0403400000,,
City of Biñan,0400000000,0403403000,502,0403400000,,
City of Cabuyao,0400000000,0403404000,503,0403400000,,
City of Calamba,0400000000,0403405000,504,0403400000,,
Calauan,0400000000,0403406000,505,0403400000,,
Cavinti,0400000000,0403407000,506,0403400000,,
Famy,0400000000,0403408000,507,0403400000,,
Kalayaan,0400000000,0403409000,508,0403400000,,
Liliw,0400000000,0403410000,509,0403400000,,
Los Baños,0400000000,0403411000,510,0403400000,,
Luisiana,0400000000,0403412000,511,0403400000,,
Lumban,0400000000,0403413000,512,0403400000,,
Mabitac,0400000000,0403414000,513,0403400000,,
Magdalena,0400000000,0403415000,514,0403400000,,
Majayjay,0400000000,0403416000,515,0403400000,,
Nagcarlan,0400000000,0403417000,516,0403400000,,
Paete,0400000000,0403418000,517,0403400000,,
Pagsanjan,0400000000,0403419000,518,0403400000,,
Pakil,0400000000,0403420000,519,0403400000,,
Pangil,0400000000,0403421000,520,0403400000,,
Pila,0400000000,0403422000,521,0403400000,,
Rizal,0400000000,0403423000,522,0403400000,,
City of San Pablo,0400000000,0403424000,523,0403400000,,
City of San Pedro,0400000000,0403425000,524,0403400000,,
Santa Cruz,0400000000,0403426000,525,0403400000,,
Santa Maria,0400000000,0403427000,526,0403400000,,
City of Santa Rosa,0400000000,0403428000,527,0403400000,,
Siniloan,0400000000,0403429000,528,0403400000,,
Victoria,0400000000,0403430000,529,0403400000,,
Agdangan,0400000000,0405601000,530,0405600000,,
Alabat,0400000000,0405602000,531,0405600000,,
Atimonan,0400000000,0405603000,532,0405600000,,
Buenavista,0400000000,0405605000,533,0405600000,,
Burdeos,0400000000,0405606000,534,0405600000,,
Calauag,0400000000,0405607000,535,0405600000,,
Candelaria,0400000000,0405608000,536,0405600000,,
Catanauan,0400000000,0405610000,537,0405600000,,
Dolores,0400000000,0405615000,538,0405600000,,
General Luna,0400000000,0405616000,539,0405600000,,
General Nakar,0400000000,0405617000,540,0405600000,,
Guinayangan,0400000000,0405618000,541,0405600000,,
Gumaca,0400000000,0405619000,542,0405600000,,
Infanta,0400000000,0405620000,543,0405600000,,
Jomalig,0400000000,0405621000,544,0405600000,,
Lopez,0400000000,0405622000,545,0405600000,,
Lucban,0400000000,0405623000,546,0405600000,,
Macalelon,0400000000,0405625000,547,0405600000,,
Mauban,0400000000,0405627000,548,0405600000,,
Mulanay,0400000000,0405628000,549,0405600000,,
Padre Burgos,0400000000,0405629000,550,0405600000,,
Pagbilao,0400000000,0405630000,551,0405600000,,
Panukulan,0400000000,0405631000,552,0405600000,,
Patnanungan,0400000000,0405632000,553,0405600000,,
Perez,0400000000,0405633000,554,0405600000,,
Pitogo,0400000000,0405634000,555,0405600000,,
Plaridel,0400000000,0405635000,556,0405600000,,
Polillo,0400000000,0405636000,557,0405600000,,
Quezon,0400000000,0405637000,558,0405600000,,
Real,0400000000,0405638000,559,0405600000,,
Sampaloc,0400000000,0405639000,560,0405600000,,
San Andres,0400000000,0405640000,561,0405600000,,
San Antonio,0400000000,0405641000,562,0405600000,,
San Francisco,0400000000,0405642000,563,0405600000,,
San Narciso,0400000000,0405644000,564,0405600000,,
Sariaya,0400000000,0405645000,565,0405600000,,
Tagkawayan,0400000000,0405646000,566,0405600000,,
City of Tayabas,0400000000,0405647000,567,0405600000,,
Tiaong,0400000000,0405648000,568,0405600000,,
Unisan,0400000000,0405649000,569,0405600000,,
Angono,0400000000,0405801000,570,0405800000,,
City of Antipolo,0400000000,0405802000,571,0405800000,,
Baras,0400000000,0405803000,572,0405800000,,
Binangonan,0400000000,0405804000,573,0405800000,,
Cainta,0400000000,0405805000,574,0405800000,,
Cardona,0400000000,0405806000,575,0405800000,,
Jala-Jala,0400000000,0405807000,576,0405800000,,
Rodriguez,0400000000,0405808000,577,0405800000,,
Morong,0400000000,0405809000,578,0405800000,,
Pililla,0400000000,0405810000,579,0405800000,,
San Mateo,0400000000,0405811000,580,0405800000,,
Tanay,0400000000,0405812000,581,0405800000,,
Taytay,0400000000,0405813000,582,0405800000,,
Teresa,0400000000,0405814000,583,0405800000,,
Boac,1700000000,1704001000,585,1704000000,,
Buenavista,1700000000,1704002000,586,1704000000,,
Gasan,1700000000,1704003000,587,1704000000,,
Mogpog,1700000000,1704004000,588,1704000000,,
Santa Cruz,1700000000,1704005000,589,1704000000,,
Torrijos,1700000000,1704006000,590,1704000000,,
Abra De Ilog,1700000000,1705101000,591,1705100000,,
Calintaan,1700000000,1705102000,592,1705100000,,
Looc,1700000000,1705103000,593,1705100000,,
Lubang,1700000000,1705104000,594,1705100000,,
Magsaysay,1700000000,1705105000,595,1705100000,,
Mamburao,1700000000,1705106000,596,1705100000,,
Paluan,1700000000,1705107000,597,1705100000,,
Rizal,1700000000,1705108000,598,1705100000,,
Sablayan,1700000000,1705109000,599,1705100000,,
San Jose,1700000000,1705110000,600,1705100000,,
Santa Cruz,1700000000,1705111000,601,1705100000,,
Baco,1700000000,1705201000,602,1705200000,,
Bansud,1700000000,1705202000,603,1705200000,,
Bongabong,1700000000,1705203000,604,1705200000,,
Bulalacao,1700000000,1705204000,605,1705200000,,
City of Calapan,1700000000,1705205000,606,1705200000,,
Gloria,1700000000,1705206000,607,1705200000,,
Mansalay,1700000000,1705207000,608,1705200000,,
Naujan,1700000000,1705208000,609,1705200000,,
Pinamalayan,1700000000,1705209000,610,1705200000,,
Pola,1700000000,1705210000,611,1705200000,,
Puerto Galera,1700000000,1705211000,612,1705200000,,
Roxas,1700000000,1705212000,613,1705200000,,
San Teodoro,1700000000,1705213000,614,1705200000,,
Socorro,1700000000,1705214000,615,1705200000,,
Victoria,1700000000,1705215000,616,1705200000,,
Aborlan,1700000000,1705301000,617,1705300000,,
Ligawasan,1900000000,1999907000,1641,,,
Agutaya,1700000000,1705302000,618,1705300000,,
Araceli,1700000000,1705303000,619,1705300000,,
Balabac,1700000000,1705304000,620,1705300000,,
Bataraza,1700000000,1705305000,621,1705300000,,
Brooke's Point,1700000000,1705306000,622,1705300000,,
Busuanga,1700000000,1705307000,623,1705300000,,
Cagayancillo,1700000000,1705308000,624,1705300000,,
Coron,1700000000,1705309000,625,1705300000,,
Cuyo,1700000000,1705310000,626,1705300000,,
Dumaran,1700000000,1705311000,627,1705300000,,
El Nido,1700000000,1705312000,628,1705300000,,
Linapacan,1700000000,1705313000,629,1705300000,,
Magsaysay,1700000000,1705314000,630,1705300000,,
Narra,1700000000,1705315000,631,1705300000,,
Quezon,1700000000,1705317000,632,1705300000,,
Roxas,1700000000,1705318000,633,1705300000,,
San Vicente,1700000000,1705319000,634,1705300000,,
Taytay,1700000000,1705320000,635,1705300000,,
Kalayaan,1700000000,1705321000,636,1705300000,,
Culion,1700000000,1705322000,637,1705300000,,
Dr. Jose P. Rizal,1700000000,1705323000,638,1705300000,,
Sofronio Española,1700000000,1705324000,639,1705300000,,
Alcantara,1700000000,1705901000,640,1705900000,,
Banton,1700000000,1705902000,641,1705900000,,
Cajidiocan,1700000000,1705903000,642,1705900000,,
Calatrava,1700000000,1705904000,643,1705900000,,
Concepcion,1700000000,1705905000,644,1705900000,,
Corcuera,1700000000,1705906000,645,1705900000,,
Looc,1700000000,1705907000,646,1705900000,,
Magdiwang,1700000000,1705908000,647,1705900000,,
Odiongan,1700000000,1705909000,648,1705900000,,
Romblon,1700000000,1705910000,649,1705900000,,
San Agustin,1700000000,1705911000,650,1705900000,,
San Andres,1700000000,1705912000,651,1705900000,,
San Fernando,1700000000,1705913000,652,1705900000,,
San Jose,1700000000,1705914000,653,1705900000,,
Santa Fe,1700000000,1705915000,654,1705900000,,
Ferrol,1700000000,1705916000,655,1705900000,,
Santa Maria,1700000000,1705917000,656,1705900000,,
Bacacay,0500000000,0500501000,658,0500500000,,
Camalig,0500000000,0500502000,659,0500500000,,
Daraga,0500000000,0500503000,660,0500500000,,
Guinobatan,0500000000,0500504000,661,0500500000,,
Jovellar,0500000000,0500505000,662,0500500000,,
City of Legazpi,0500000000,0500506000,663,0500500000,,
Libon,0500000000,0500507000,664,0500500000,,
City of Ligao,0500000000,0500508000,665,0500500000,,
Malilipot,0500000000,0500509000,666,0500500000,,
Malinao,0500000000,0500510000,667,0500500000,,
Manito,0500000000,0500511000,668,0500500000,,
Oas,0500000000,0500512000,669,0500500000,,
Pio Duran,0500000000,0500513000,670,0500500000,,
Polangui,0500000000,0500514000,671,0500500000,,
Rapu-Rapu,0500000000,0500515000,672,0500500000,,
Santo Domingo,0500000000,0500516000,673,0500500000,,
City of Tabaco,0500000000,0500517000,674,0500500000,,
Tiwi,0500000000,0500518000,675,0500500000,,
Basud,0500000000,0501601000,676,0501600000,,
Capalonga,0500000000,0501602000,677,0501600000,,
Daet,0500000000,0501603000,678,0501600000,,
San Lorenzo Ruiz,0500000000,0501604000,679,0501600000,,
Jose Panganiban,0500000000,0501605000,680,0501600000,,
Labo,0500000000,0501606000,681,0501600000,,
Mercedes,0500000000,0501607000,682,0501600000,,
Paracale,0500000000,0501608000,683,0501600000,,
San Vicente,0500000000,0501609000,684,0501600000,,
Santa Elena,0500000000,0501610000,685,0501600000,,
Talisay,0500000000,0501611000,686,0501600000,,
Vinzons,0500000000,0501612000,687,0501600000,,
Baao,0500000000,0501701000,688,0501700000,,
Balatan,0500000000,0501702000,689,0501700000,,
Bato,0500000000,0501703000,690,0501700000,,
Bombon,0500000000,0501704000,691,0501700000,,
Buhi,0500000000,0501705000,692,0501700000,,
Bula,0500000000,0501706000,693,0501700000,,
Cabusao,0500000000,0501707000,694,0501700000,,
Calabanga,0500000000,0501708000,695,0501700000,,
Camaligan,0500000000,0501709000,696,0501700000,,
Canaman,0500000000,0501710000,697,0501700000,,
Caramoan,0500000000,0501711000,698,0501700000,,
Del Gallego,0500000000,0501712000,699,0501700000,,
Gainza,0500000000,0501713000,700,0501700000,,
Garchitorena,0500000000,0501714000,701,0501700000,,
Goa,0500000000,0501715000,702,0501700000,,
City of Iriga,0500000000,0501716000,703,0501700000,,
Lagonoy,0500000000,0501717000,704,0501700000,,
Libmanan,0500000000,0501718000,705,0501700000,,
Lupi,0500000000,0501719000,706,0501700000,,
Magarao,0500000000,0501720000,707,0501700000,,
Milaor,0500000000,0501721000,708,0501700000,,
Minalabac,0500000000,0501722000,709,0501700000,,
Nabua,0500000000,0501723000,710,0501700000,,
City of Naga,0500000000,0501724000,711,0501700000,,
Ocampo,0500000000,0501725000,712,0501700000,,
Pamplona,0500000000,0501726000,713,0501700000,,
Pasacao,0500000000,0501727000,714,0501700000,,
Pili,0500000000,0501728000,715,0501700000,,
Presentacion,0500000000,0501729000,716,0501700000,,
Ragay,0500000000,0501730000,717,0501700000,,
Sagñay,0500000000,0501731000,718,0501700000,,
San Fernando,0500000000,0501732000,719,0501700000,,
San Jose,0500000000,0501733000,720,0501700000,,
Sipocot,0500000000,0501734000,721,0501700000,,
Siruma,0500000000,0501735000,722,0501700000,,
Tigaon,0500000000,0501736000,723,0501700000,,
Tinambac,0500000000,0501737000,724,0501700000,,
Bagamanoc,0500000000,0502001000,725,0502000000,,
Baras,0500000000,0502002000,726,0502000000,,
Bato,0500000000,0502003000,727,0502000000,,
Caramoran,0500000000,0502004000,728,0502000000,,
Gigmoto,0500000000,0502005000,729,0502000000,,
Pandan,0500000000,0502006000,730,0502000000,,
Panganiban,0500000000,0502007000,731,0502000000,,
San Andres,0500000000,0502008000,732,0502000000,,
San Miguel,0500000000,0502009000,733,0502000000,,
Viga,0500000000,0502010000,734,0502000000,,
Virac,0500000000,0502011000,735,0502000000,,
Aroroy,0500000000,0504101000,736,0504100000,,
Baleno,0500000000,0504102000,737,0504100000,,
Balud,0500000000,0504103000,738,0504100000,,
Batuan,0500000000,0504104000,739,0504100000,,
Cataingan,0500000000,0504105000,740,0504100000,,
Cawayan,0500000000,0504106000,741,0504100000,,
Claveria,0500000000,0504107000,742,0504100000,,
Dimasalang,0500000000,0504108000,743,0504100000,,
Esperanza,0500000000,0504109000,744,0504100000,,
Mandaon,0500000000,0504110000,745,0504100000,,
City of Masbate,0500000000,0504111000,746,0504100000,,
Milagros,0500000000,0504112000,747,0504100000,,
Mobo,0500000000,0504113000,748,0504100000,,
Monreal,0500000000,0504114000,749,0504100000,,
Palanas,0500000000,0504115000,750,0504100000,,
Pio V. Corpus,0500000000,0504116000,751,0504100000,,
Placer,0500000000,0504117000,752,0504100000,,
San Fernando,0500000000,0504118000,753,0504100000,,
San Jacinto,0500000000,0504119000,754,0504100000,,
San Pascual,0500000000,0504120000,755,0504100000,,
Uson,0500000000,0504121000,756,0504100000,,
Barcelona,0500000000,0506202000,757,0506200000,,
Bulan,0500000000,0506203000,758,0506200000,,
Bulusan,0500000000,0506204000,759,0506200000,,
Casiguran,0500000000,0506205000,760,0506200000,,
Castilla,0500000000,0506206000,761,0506200000,,
Donsol,0500000000,0506207000,762,0506200000,,
Gubat,0500000000,0506208000,763,0506200000,,
Irosin,0500000000,0506209000,764,0506200000,,
Juban,0500000000,0506210000,765,0506200000,,
Magallanes,0500000000,0506211000,766,0506200000,,
Matnog,0500000000,0506212000,767,0506200000,,
Pilar,0500000000,0506213000,768,0506200000,,
Prieto Diaz,0500000000,0506214000,769,0506200000,,
Santa Magdalena,0500000000,0506215000,770,0506200000,,
City of Sorsogon,0500000000,0506216000,771,0506200000,,
Altavas,0600000000,0600401000,772,0600400000,,
Balete,0600000000,0600402000,773,0600400000,,
Banga,0600000000,0600403000,774,0600400000,,
Batan,0600000000,0600404000,775,0600400000,,
Buruanga,0600000000,0600405000,776,0600400000,,
Ibajay,0600000000,0600406000,777,0600400000,,
Kalibo,0600000000,0600407000,778,0600400000,,
Lezo,0600000000,0600408000,779,0600400000,,
Libacao,0600000000,0600409000,780,0600400000,,
Madalag,0600000000,0600410000,781,0600400000,,
Makato,0600000000,0600411000,782,0600400000,,
Malay,0600000000,0600412000,783,0600400000,,
Malinao,0600000000,0600413000,784,0600400000,,
Nabas,0600000000,0600414000,785,0600400000,,
New Washington,0600000000,0600415000,786,0600400000,,
Numancia,0600000000,0600416000,787,0600400000,,
Tangalan,0600000000,0600417000,788,0600400000,,
Anini-Y,0600000000,0600601000,789,0600600000,,
Barbaza,0600000000,0600602000,790,0600600000,,
Belison,0600000000,0600603000,791,0600600000,,
Bugasong,0600000000,0600604000,792,0600600000,,
Caluya,0600000000,0600605000,793,0600600000,,
Culasi,0600000000,0600606000,794,0600600000,,
Tobias Fornier,0600000000,0600607000,795,0600600000,,
Hamtic,0600000000,0600608000,796,0600600000,,
Laua-An,0600000000,0600609000,797,0600600000,,
Libertad,0600000000,0600610000,798,0600600000,,
Pandan,0600000000,0600611000,799,0600600000,,
Patnongon,0600000000,0600612000,800,0600600000,,
San Jose,0600000000,0600613000,801,0600600000,,
San Remigio,0600000000,0600614000,802,0600600000,,
Sebaste,0600000000,0600615000,803,0600600000,,
Sibalom,0600000000,0600616000,804,0600600000,,
Tibiao,0600000000,0600617000,805,0600600000,,
Valderrama,0600000000,0600618000,806,0600600000,,
Cuartero,0600000000,0601901000,807,0601900000,,
Dao,0600000000,0601902000,808,0601900000,,
Dumalag,0600000000,0601903000,809,0601900000,,
Dumarao,0600000000,0601904000,810,0601900000,,
Ivisan,0600000000,0601905000,811,0601900000,,
Jamindan,0600000000,0601906000,812,0601900000,,
Ma-Ayon,0600000000,0601907000,813,0601900000,,
Mambusao,0600000000,0601908000,814,0601900000,,
Panay,0600000000,0601909000,815,0601900000,,
Panitan,0600000000,0601910000,816,0601900000,,
Pilar,0600000000,0601911000,817,0601900000,,
Pontevedra,0600000000,0601912000,818,0601900000,,
President Roxas,0600000000,0601913000,819,0601900000,,
City of Roxas,0600000000,0601914000,820,0601900000,,
Sapi-An,0600000000,0601915000,821,0601900000,,
Sigma,0600000000,0601916000,822,0601900000,,
Tapaz,0600000000,0601917000,823,0601900000,,
Ajuy,0600000000,0603001000,824,0603000000,,
Alimodian,0600000000,0603002000,825,0603000000,,
Anilao,0600000000,0603003000,826,0603000000,,
Badiangan,0600000000,0603004000,827,0603000000,,
Balasan,0600000000,0603005000,828,0603000000,,
Banate,0600000000,0603006000,829,0603000000,,
Barotac Nuevo,0600000000,0603007000,830,0603000000,,
Barotac Viejo,0600000000,0603008000,831,0603000000,,
Batad,0600000000,0603009000,832,0603000000,,
Bingawan,0600000000,0603010000,833,0603000000,,
Cabatuan,0600000000,0603012000,834,0603000000,,
Calinog,0600000000,0603013000,835,0603000000,,
Carles,0600000000,0603014000,836,0603000000,,
Concepcion,0600000000,0603015000,837,0603000000,,
Dingle,0600000000,0603016000,838,0603000000,,
Dueñas,0600000000,0603017000,839,0603000000,,
Dumangas,0600000000,0603018000,840,0603000000,,
Estancia,0600000000,0603019000,841,0603000000,,
Guimbal,0600000000,0603020000,842,0603000000,,
Igbaras,0600000000,0603021000,843,0603000000,,
Janiuay,0600000000,0603023000,844,0603000000,,
Lambunao,0600000000,0603025000,845,0603000000,,
Leganes,0600000000,0603026000,846,0603000000,,
Lemery,0600000000,0603027000,847,0603000000,,
Leon,0600000000,0603028000,848,0603000000,,
Maasin,0600000000,0603029000,849,0603000000,,
Miagao,0600000000,0603030000,850,0603000000,,
Mina,0600000000,0603031000,851,0603000000,,
New Lucena,0600000000,0603032000,852,0603000000,,
Oton,0600000000,0603034000,853,0603000000,,
City of Passi,0600000000,0603035000,854,0603000000,,
Pavia,0600000000,0603036000,855,0603000000,,
Pototan,0600000000,0603037000,856,0603000000,,
San Dionisio,0600000000,0603038000,857,0603000000,,
San Enrique,0600000000,0603039000,858,0603000000,,
San Joaquin,0600000000,0603040000,859,0603000000,,
San Miguel,0600000000,0603041000,860,0603000000,,
San Rafael,0600000000,0603042000,861,0603000000,,
Santa Barbara,0600000000,0603043000,862,0603000000,,
Sara,0600000000,0603044000,863,0603000000,,
Tigbauan,0600000000,0603045000,864,0603000000,,
Tubungan,0600000000,0603046000,865,0603000000,,
Zarraga,0600000000,0603047000,866,0603000000,,
Buenavista,0600000000,0607901000,867,0607900000,,
Jordan,0600000000,0607902000,868,0607900000,,
Nueva Valencia,0600000000,0607903000,869,0607900000,,
San Lorenzo,0600000000,0607904000,870,0607900000,,
Sibunag,0600000000,0607905000,871,0607900000,,
City of Bago,1800000000,1804502000,873,1804500000,,
Binalbagan,1800000000,1804503000,874,1804500000,,
City of Cadiz,1800000000,1804504000,875,1804500000,,
Calatrava,1800000000,1804505000,876,1804500000,,
Candoni,1800000000,1804506000,877,1804500000,,
Cauayan,1800000000,1804507000,878,1804500000,,
Enrique B. Magalona,1800000000,1804508000,879,1804500000,,
City of Escalante,1800000000,1804509000,880,1804500000,,
City of Himamaylan,1800000000,1804510000,881,1804500000,,
Hinigaran,1800000000,1804511000,882,1804500000,,
Hinoba-an,1800000000,1804512000,883,1804500000,,
Ilog,1800000000,1804513000,884,1804500000,,
Isabela,1800000000,1804514000,885,1804500000,,
City of Kabankalan,1800000000,1804515000,886,1804500000,,
City of La Carlota,1800000000,1804516000,887,1804500000,,
La Castellana,1800000000,1804517000,888,1804500000,,
Manapla,1800000000,1804518000,889,1804500000,,
Moises Padilla,1800000000,1804519000,890,1804500000,,
Murcia,1800000000,1804520000,891,1804500000,,
Pontevedra,1800000000,1804521000,892,1804500000,,
Pulupandan,1800000000,1804522000,893,1804500000,,
City of Sagay,1800000000,1804523000,894,1804500000,,
City of San Carlos,1800000000,1804524000,895,1804500000,,
San Enrique,1800000000,1804525000,896,1804500000,,
City of Silay,1800000000,1804526000,897,1804500000,,
City of Sipalay,1800000000,1804527000,898,1804500000,,
City of Talisay,1800000000,1804528000,899,1804500000,,
Toboso,1800000000,1804529000,900,1804500000,,
Valladolid,1800000000,1804530000,901,1804500000,,
City of Victorias,1800000000,1804531000,902,1804500000,,
Salvador Benedicto,1800000000,1804532000,903,1804500000,,
Amlan,1800000000,1804601000,904,1804600000,,
Ayungon,1800000000,1804602000,905,1804600000,,
Bacong,1800000000,1804603000,906,1804600000,,
City of Bais,1800000000,1804604000,907,1804600000,,
Basay,1800000000,1804605000,908,1804600000,,
City of Bayawan,1800000000,1804606000,909,1804600000,,
Bindoy,1800000000,1804607000,910,1804600000,,
City of Canlaon,1800000000,1804608000,911,1804600000,,
Dauin,1800000000,1804609000,912,1804600000,,
City of Dumaguete,1800000000,1804610000,913,1804600000,,
City of Guihulngan,1800000000,1804611000,914,1804600000,,
Jimalalud,1800000000,1804612000,915,1804600000,,
La Libertad,1800000000,1804613000,916,1804600000,,
Mabinay,1800000000,1804614000,917,1804600000,,
Manjuyod,1800000000,1804615000,918,1804600000,,
Pamplona,1800000000,1804616000,919,1804600000,,
San Jose,1800000000,1804617000,920,1804600000,,
Santa Catalina,1800000000,1804618000,921,1804600000,,
Siaton,1800000000,1804619000,922,1804600000,,
Sibulan,1800000000,1804620000,923,1804600000,,
City of Tanjay,1800000000,1804621000,924,1804600000,,
Tayasan,1800000000,1804622000,925,1804600000,,
Valencia,1800000000,1804623000,926,1804600000,,
Vallehermoso,1800000000,1804624000,927,1804600000,,
Zamboanguita,1800000000,1804625000,928,1804600000,,
Enrique Villanueva,1800000000,1806101000,929,1806100000,,
Larena,1800000000,1806102000,930,1806100000,,
Lazi,1800000000,1806103000,931,1806100000,,
Maria,1800000000,1806104000,932,1806100000,,
San Juan,1800000000,1806105000,933,1806100000,,
Siquijor,1800000000,1806106000,934,1806100000,,
City of Bacolod,1800000000,1830200000,935,,,
Alburquerque,0700000000,0701201000,936,0701200000,,
Alicia,0700000000,0701202000,937,0701200000,,
Anda,0700000000,0701203000,938,0701200000,,
Antequera,0700000000,0701204000,939,0701200000,,
Baclayon,0700000000,0701205000,940,0701200000,,
Balilihan,0700000000,0701206000,941,0701200000,,
Batuan,0700000000,0701207000,942,0701200000,,
Bilar,0700000000,0701208000,943,0701200000,,
Buenavista,0700000000,0701209000,944,0701200000,,
Calape,0700000000,0701210000,945,0701200000,,
Candijay,0700000000,0701211000,946,0701200000,,
Carmen,0700000000,0701212000,947,0701200000,,
Catigbian,0700000000,0701213000,948,0701200000,,
Clarin,0700000000,0701214000,949,0701200000,,
Corella,0700000000,0701215000,950,0701200000,,
Cortes,0700000000,0701216000,951,0701200000,,
Dagohoy,0700000000,0701217000,952,0701200000,,
Danao,0700000000,0701218000,953,0701200000,,
Dauis,0700000000,0701219000,954,0701200000,,
Dimiao,0700000000,0701220000,955,0701200000,,
Duero,0700000000,0701221000,956,0701200000,,
Garcia Hernandez,0700000000,0701222000,957,0701200000,,
Guindulman,0700000000,0701223000,958,0701200000,,
Inabanga,0700000000,0701224000,959,0701200000,,
Jagna,0700000000,0701225000,960,0701200000,,
Getafe,0700000000,0701226000,961,0701200000,,
Lila,0700000000,0701227000,962,0701200000,,
Loay,0700000000,0701228000,963,0701200000,,
Loboc,0700000000,0701229000,964,0701200000,,
Loon,0700000000,0701230000,965,0701200000,,
Mabini,0700000000,0701231000,966,0701200000,,
Maribojoc,0700000000,0701232000,967,0701200000,,
Panglao,0700000000,0701233000,968,0701200000,,
Pilar,0700000000,0701234000,969,0701200000,,
President Carlos P. Garcia,0700000000,0701235000,970,0701200000,,
Sagbayan,0700000000,0701236000,971,0701200000,,
San Isidro,0700000000,0701237000,972,0701200000,,
San Miguel,0700000000,0701238000,973,0701200000,,
Sevilla,0700000000,0701239000,974,0701200000,,
Sierra Bullones,0700000000,0701240000,975,0701200000,,
Sikatuna,0700000000,0701241000,976,0701200000,,
City of Tagbilaran,0700000000,0701242000,977,0701200000,,
Talibon,0700000000,0701243000,978,0701200000,,
Trinidad,0700000000,0701244000,979,0701200000,,
Tubigon,0700000000,0701245000,980,0701200000,,
Ubay,0700000000,0701246000,981,0701200000,,
Valencia,0700000000,0701247000,982,0701200000,,
Bien Unido,0700000000,0701248000,983,0701200000,,
Alcantara,0700000000,0702201000,984,0702200000,,
Alcoy,0700000000,0702202000,985,0702200000,,
Alegria,0700000000,0702203000,986,0702200000,,
Aloguinsan,0700000000,0702204000,987,0702200000,,
Argao,0700000000,0702205000,988,0702200000,,
Asturias,0700000000,0702206000,989,0702200000,,
Badian,0700000000,0702207000,990,0702200000,,
Balamban,0700000000,0702208000,991,0702200000,,
Bantayan,0700000000,0702209000,992,0702200000,,
Barili,0700000000,0702210000,993,0702200000,,
City of Bogo,0700000000,0702211000,994,0702200000,,
Boljoon,0700000000,0702212000,995,0702200000,,
Borbon,0700000000,0702213000,996,0702200000,,
City of Carcar,0700000000,0702214000,997,0702200000,,
Carmen,0700000000,0702215000,998,0702200000,,
Catmon,0700000000,0702216000,999,0702200000,,
Compostela,0700000000,0702218000,1000,0702200000,,
Consolacion,0700000000,0702219000,1001,0702200000,,
Cordova,0700000000,0702220000,1002,0702200000,,
Daanbantayan,0700000000,0702221000,1003,0702200000,,
Dalaguete,0700000000,0702222000,1004,0702200000,,
Danao City,0700000000,0702223000,1005,0702200000,,
Dumanjug,0700000000,0702224000,1006,0702200000,,
Ginatilan,0700000000,0702225000,1007,0702200000,,
Liloan,0700000000,0702227000,1008,0702200000,,
Madridejos,0700000000,0702228000,1009,0702200000,,
Malabuyoc,0700000000,0702229000,1010,0702200000,,
Medellin,0700000000,0702231000,1011,0702200000,,
Minglanilla,0700000000,0702232000,1012,0702200000,,
Moalboal,0700000000,0702233000,1013,0702200000,,
City of Naga,0700000000,0702234000,1014,0702200000,,
Oslob,0700000000,0702235000,1015,0702200000,,
Pilar,0700000000,0702236000,1016,0702200000,,
Pinamungajan,0700000000,0702237000,1017,0702200000,,
Poro,0700000000,0702238000,1018,0702200000,,
Ronda,0700000000,0702239000,1019,0702200000,,
Samboan,0700000000,0702240000,1020,0702200000,,
San Fernando,0700000000,0702241000,1021,0702200000,,
San Francisco,0700000000,0702242000,1022,0702200000,,
San Remigio,0700000000,0702243000,1023,0702200000,,
Santa Fe,0700000000,0702244000,1024,0702200000,,
Santander,0700000000,0702245000,1025,0702200000,,
Sibonga,0700000000,0702246000,1026,0702200000,,
Sogod,0700000000,0702247000,1027,0702200000,,
Tabogon,0700000000,0702248000,1028,0702200000,,
Tabuelan,0700000000,0702249000,1029,0702200000,,
City of Talisay,0700000000,0702250000,1030,0702200000,,
City of Toledo,0700000000,0702251000,1031,0702200000,,
Tuburan,0700000000,0702252000,1032,0702200000,,
Tudela,0700000000,0702253000,1033,0702200000,,
Arteche,0800000000,0802601000,1037,0802600000,,
Balangiga,0800000000,0802602000,1038,0802600000,,
Balangkayan,0800000000,0802603000,1039,0802600000,,
City of Borongan,0800000000,0802604000,1040,0802600000,,
Can-Avid,0800000000,0802605000,1041,0802600000,,
Dolores,0800000000,0802606000,1042,0802600000,,
General Macarthur,0800000000,0802607000,1043,0802600000,,
Giporlos,0800000000,0802608000,1044,0802600000,,
Guiuan,0800000000,0802609000,1045,0802600000,,
Hernani,0800000000,0802610000,1046,0802600000,,
Jipapad,0800000000,0802611000,1047,0802600000,,
Lawaan,0800000000,0802612000,1048,0802600000,,
Llorente,0800000000,0802613000,1049,0802600000,,
Maslog,0800000000,0802614000,1050,0802600000,,
Maydolong,0800000000,0802615000,1051,0802600000,,
Mercedes,0800000000,0802616000,1052,0802600000,,
Oras,0800000000,0802617000,1053,0802600000,,
Quinapondan,0800000000,0802618000,1054,0802600000,,
Salcedo,0800000000,0802619000,1055,0802600000,,
San Julian,0800000000,0802620000,1056,0802600000,,
San Policarpo,0800000000,0802621000,1057,0802600000,,
Sulat,0800000000,0802622000,1058,0802600000,,
Taft,0800000000,0802623000,1059,0802600000,,
Abuyog,0800000000,0803701000,1060,0803700000,,
Alangalang,0800000000,0803702000,1061,0803700000,,
Albuera,0800000000,0803703000,1062,0803700000,,
Babatngon,0800000000,0803705000,1063,0803700000,,
Barugo,0800000000,0803706000,1064,0803700000,,
Bato,0800000000,0803707000,1065,0803700000,,
City of Baybay,0800000000,0803708000,1066,0803700000,,
Burauen,0800000000,0803710000,1067,0803700000,,
Calubian,0800000000,0803713000,1068,0803700000,,
Capoocan,0800000000,0803714000,1069,0803700000,,
Carigara,0800000000,0803715000,1070,0803700000,,
Dagami,0800000000,0803717000,1071,0803700000,,
Dulag,0800000000,0803718000,1072,0803700000,,
Hilongos,0800000000,0803719000,1073,0803700000,,
Hindang,0800000000,0803720000,1074,0803700000,,
Inopacan,0800000000,0803721000,1075,0803700000,,
Isabel,0800000000,0803722000,1076,0803700000,,
Jaro,0800000000,0803723000,1077,0803700000,,
Javier,0800000000,0803724000,1078,0803700000,,
Julita,0800000000,0803725000,1079,0803700000,,
Kananga,0800000000,0803726000,1080,0803700000,,
La Paz,0800000000,0803728000,1081,0803700000,,
Leyte,0800000000,0803729000,1082,0803700000,,
Macarthur,0800000000,0803730000,1083,0803700000,,
Mahaplag,0800000000,0803731000,1084,0803700000,,
Matag-Ob,0800000000,0803733000,1085,0803700000,,
Matalom,0800000000,0803734000,1086,0803700000,,
Mayorga,0800000000,0803735000,1087,0803700000,,
Merida,0800000000,0803736000,1088,0803700000,,
Ormoc City,0800000000,0803738000,1089,0803700000,,
Palo,0800000000,0803739000,1090,0803700000,,
Palompon,0800000000,0803740000,1091,0803700000,,
Pastrana,0800000000,0803741000,1092,0803700000,,
San Isidro,0800000000,0803742000,1093,0803700000,,
San Miguel,0800000000,0803743000,1094,0803700000,,
Santa Fe,0800000000,0803744000,1095,0803700000,,
Tabango,0800000000,0803745000,1096,0803700000,,
Tabontabon,0800000000,0803746000,1097,0803700000,,
Tanauan,0800000000,0803748000,1098,0803700000,,
Tolosa,0800000000,0803749000,1099,0803700000,,
Tunga,0800000000,0803750000,1100,0803700000,,
Villaba,0800000000,0803751000,1101,0803700000,,
Allen,0800000000,0804801000,1102,0804800000,,
Biri,0800000000,0804802000,1103,0804800000,,
Bobon,0800000000,0804803000,1104,0804800000,,
Capul,0800000000,0804804000,1105,0804800000,,
Catarman,0800000000,0804805000,1106,0804800000,,
Catubig,0800000000,0804806000,1107,0804800000,,
Gamay,0800000000,0804807000,1108,0804800000,,
Laoang,0800000000,0804808000,1109,0804800000,,
Lapinig,0800000000,0804809000,1110,0804800000,,
Las Navas,0800000000,0804810000,1111,0804800000,,
Lavezares,0800000000,0804811000,1112,0804800000,,
Mapanas,0800000000,0804812000,1113,0804800000,,
Mondragon,0800000000,0804813000,1114,0804800000,,
Palapag,0800000000,0804814000,1115,0804800000,,
Pambujan,0800000000,0804815000,1116,0804800000,,
Rosario,0800000000,0804816000,1117,0804800000,,
San Antonio,0800000000,0804817000,1118,0804800000,,
San Isidro,0800000000,0804818000,1119,0804800000,,
San Jose,0800000000,0804819000,1120,0804800000,,
San Roque,0800000000,0804820000,1121,0804800000,,
San Vicente,0800000000,0804821000,1122,0804800000,,
Silvino Lobos,0800000000,0804822000,1123,0804800000,,
Victoria,0800000000,0804823000,1124,0804800000,,
Lope De Vega,0800000000,0804824000,1125,0804800000,,
Almagro,0800000000,0806001000,1126,0806000000,,
Basey,0800000000,0806002000,1127,0806000000,,
City of Calbayog,0800000000,0806003000,1128,0806000000,,
Calbiga,0800000000,0806004000,1129,0806000000,,
City of Catbalogan,0800000000,0806005000,1130,0806000000,,
Daram,0800000000,0806006000,1131,0806000000,,
Gandara,0800000000,0806007000,1132,0806000000,,
Hinabangan,0800000000,0806008000,1133,0806000000,,
Jiabong,0800000000,0806009000,1134,0806000000,,
Marabut,0800000000,0806010000,1135,0806000000,,
Matuguinao,0800000000,0806011000,1136,0806000000,,
Motiong,0800000000,0806012000,1137,0806000000,,
Pinabacdao,0800000000,0806013000,1138,0806000000,,
San Jose De Buan,0800000000,0806014000,1139,0806000000,,
San Sebastian,0800000000,0806015000,1140,0806000000,,
Santa Margarita,0800000000,0806016000,1141,0806000000,,
Santa Rita,0800000000,0806017000,1142,0806000000,,
Santo Niño,0800000000,0806018000,1143,0806000000,,
Talalora,0800000000,0806019000,1144,0806000000,,
Tarangnan,0800000000,0806020000,1145,0806000000,,
Villareal,0800000000,0806021000,1146,0806000000,,
Paranas,0800000000,0806022000,1147,0806000000,,
Zumarraga,0800000000,0806023000,1148,0806000000,,
Tagapul-An,0800000000,0806024000,1149,0806000000,,
San Jorge,0800000000,0806025000,1150,0806000000,,
Pagsanghan,0800000000,0806026000,1151,0806000000,,
Anahawan,0800000000,0806401000,1152,0806400000,,
Bontoc,0800000000,0806402000,1153,0806400000,,
Hinunangan,0800000000,0806403000,1154,0806400000,,
Hinundayan,0800000000,0806404000,1155,0806400000,,
Libagon,0800000000,0806405000,1156,0806400000,,
Liloan,0800000000,0806406000,1157,0806400000,,
City of Maasin,0800000000,0806407000,1158,0806400000,,
Macrohon,0800000000,0806408000,1159,0806400000,,
Malitbog,0800000000,0806409000,1160,0806400000,,
Padre Burgos,0800000000,0806410000,1161,0806400000,,
Pintuyan,0800000000,0806411000,1162,0806400000,,
Saint Bernard,0800000000,0806412000,1163,0806400000,,
San Francisco,0800000000,0806413000,1164,0806400000,,
San Juan,0800000000,0806414000,1165,0806400000,,
San Ricardo,0800000000,0806415000,1166,0806400000,,
Silago,0800000000,0806416000,1167,0806400000,,
Sogod,0800000000,0806417000,1168,0806400000,,
Tomas Oppus,0800000000,0806418000,1169,0806400000,,
Limasawa,0800000000,0806419000,1170,0806400000,,
Almeria,0800000000,0807801000,1171,0807800000,,
Biliran,0800000000,0807802000,1172,0807800000,,
Cabucgayan,0800000000,0807803000,1173,0807800000,,
Caibiran,0800000000,0807804000,1174,0807800000,,
Culaba,0800000000,0807805000,1175,0807800000,,
Kawayan,0800000000,0807806000,1176,0807800000,,
Maripipi,0800000000,0807807000,1177,0807800000,,
Naval,0800000000,0807808000,1178,0807800000,,
Indanan,0900000000,0906601000,1180,0906600000,,
Jolo,0900000000,0906602000,1181,0906600000,,
Kalingalan Caluang,0900000000,0906603000,1182,0906600000,,
Luuk,0900000000,0906604000,1183,0906600000,,
Maimbung,0900000000,0906605000,1184,0906600000,,
Hadji Panglima Tahil,0900000000,0906606000,1185,0906600000,,
Old Panamao,0900000000,0906607000,1186,0906600000,,
Pangutaran,0900000000,0906608000,1187,0906600000,,
Parang,0900000000,0906609000,1188,0906600000,,
Pata,0900000000,0906610000,1189,0906600000,,
Patikul,0900000000,0906611000,1190,0906600000,,
Siasi,0900000000,0906612000,1191,0906600000,,
Talipao,0900000000,0906613000,1192,0906600000,,
Tapul,0900000000,0906614000,1193,0906600000,,
Tongkil,0900000000,0906615000,1194,0906600000,,
Panglima Estino,0900000000,0906616000,1195,0906600000,,
Lugus,0900000000,0906617000,1196,0906600000,,
Pandami,0900000000,0906618000,1197,0906600000,,
Omar,0900000000,0906619000,1198,0906600000,,
City of Dapitan,0900000000,0907201000,1199,0907200000,,
City of Dipolog,0900000000,0907202000,1200,0907200000,,
Katipunan,0900000000,0907203000,1201,0907200000,,
La Libertad,0900000000,0907204000,1202,0907200000,,
Labason,0900000000,0907205000,1203,0907200000,,
Liloy,0900000000,0907206000,1204,0907200000,,
Manukan,0900000000,0907207000,1205,0907200000,,
Mutia,0900000000,0907208000,1206,0907200000,,
Piñan,0900000000,0907209000,1207,0907200000,,
Polanco,0900000000,0907210000,1208,0907200000,,
Pres. Manuel A. Roxas,0900000000,0907211000,1209,0907200000,,
Rizal,0900000000,0907212000,1210,0907200000,,
Salug,0900000000,0907213000,1211,0907200000,,
Sergio Osmeña Sr.,0900000000,0907214000,1212,0907200000,,
Siayan,0900000000,0907215000,1213,0907200000,,
Sibuco,0900000000,0907216000,1214,0907200000,,
Sibutad,0900000000,0907217000,1215,0907200000,,
Sindangan,0900000000,0907218000,1216,0907200000,,
Siocon,0900000000,0907219000,1217,0907200000,,
Sirawai,0900000000,0907220000,1218,0907200000,,
Tampilisan,0900000000,0907221000,1219,0907200000,,
Jose Dalman,0900000000,0907222000,1220,0907200000,,
Gutalac,0900000000,0907223000,1221,0907200000,,
Baliguian,0900000000,0907224000,1222,0907200000,,
Godod,0900000000,0907225000,1223,0907200000,,
Leon T. Postigo,0900000000,0907226000,1224,0907200000,,
Kalawit,0900000000,0907227000,1225,0907200000,,
Aurora,0900000000,0907302000,1226,0907300000,,
Bayog,0900000000,0907303000,1227,0907300000,,
Dimataling,0900000000,0907305000,1228,0907300000,,
Dinas,0900000000,0907306000,1229,0907300000,,
Dumalinao,0900000000,0907307000,1230,0907300000,,
Dumingag,0900000000,0907308000,1231,0907300000,,
Kumalarang,0900000000,0907311000,1232,0907300000,,
Labangan,0900000000,0907312000,1233,0907300000,,
Lapuyan,0900000000,0907313000,1234,0907300000,,
Mahayag,0900000000,0907315000,1235,0907300000,,
Margosatubig,0900000000,0907317000,1236,0907300000,,
Midsalip,0900000000,0907318000,1237,0907300000,,
Molave,0900000000,0907319000,1238,0907300000,,
City of Pagadian,0900000000,0907322000,1239,0907300000,,
Ramon Magsaysay,0900000000,0907323000,1240,0907300000,,
San Miguel,0900000000,0907324000,1241,0907300000,,
San Pablo,0900000000,0907325000,1242,0907300000,,
Tabina,0900000000,0907327000,1243,0907300000,,
Tambulig,0900000000,0907328000,1244,0907300000,,
Tukuran,0900000000,0907330000,1245,0907300000,,
Lakewood,0900000000,0907333000,1246,0907300000,,
Josefina,0900000000,0907337000,1247,0907300000,,
Pitogo,0900000000,0907338000,1248,0907300000,,
Sominot,0900000000,0907340000,1249,0907300000,,
Vincenzo A. Sagun,0900000000,0907341000,1250,0907300000,,
Guipos,0900000000,0907343000,1251,0907300000,,
Tigbao,0900000000,0907344000,1252,0907300000,,
Alicia,0900000000,0908301000,1253,0908300000,,
Buug,0900000000,0908302000,1254,0908300000,,
Diplahan,0900000000,0908303000,1255,0908300000,,
Imelda,0900000000,0908304000,1256,0908300000,,
Ipil,0900000000,0908305000,1257,0908300000,,
Kabasalan,0900000000,0908306000,1258,0908300000,,
Mabuhay,0900000000,0908307000,1259,0908300000,,
Malangas,0900000000,0908308000,1260,0908300000,,
Naga,0900000000,0908309000,1261,0908300000,,
Olutanga,0900000000,0908310000,1262,0908300000,,
Payao,0900000000,0908311000,1263,0908300000,,
Roseller Lim,0900000000,0908312000,1264,0908300000,,
Siay,0900000000,0908313000,1265,0908300000,,
Talusan,0900000000,0908314000,1266,0908300000,,
Titay,0900000000,0908315000,1267,0908300000,,
Tungawan,0900000000,0908316000,1268,0908300000,,
City of Isabela,0900000000,0990101000,1269,,,
Baungon,1000000000,1001301000,1271,1001300000,,
Damulog,1000000000,1001302000,1272,1001300000,,
Dangcagan,1000000000,1001303000,1273,1001300000,,
Don Carlos,1000000000,1001304000,1274,1001300000,,
Impasug-ong,1000000000,1001305000,1275,1001300000,,
Kadingilan,1000000000,1001306000,1276,1001300000,,
Kalilangan,1000000000,1001307000,1277,1001300000,,
Kibawe,1000000000,1001308000,1278,1001300000,,
Kitaotao,1000000000,1001309000,1279,1001300000,,
Lantapan,1000000000,1001310000,1280,1001300000,,
Libona,1000000000,1001311000,1281,1001300000,,
City of Malaybalay,1000000000,1001312000,1282,1001300000,,
Malitbog,1000000000,1001313000,1283,1001300000,,
Manolo Fortich,1000000000,1001314000,1284,1001300000,,
Maramag,1000000000,1001315000,1285,1001300000,,
Pangantucan,1000000000,1001316000,1286,1001300000,,
Quezon,1000000000,1001317000,1287,1001300000,,
San Fernando,1000000000,1001318000,1288,1001300000,,
Sumilao,1000000000,1001319000,1289,1001300000,,
Talakag,1000000000,1001320000,1290,1001300000,,
City of Valencia,1000000000,1001321000,1291,1001300000,,
Cabanglasan,1000000000,1001322000,1292,1001300000,,
Catarman,1000000000,1001801000,1293,1001800000,,
Guinsiliban,1000000000,1001802000,1294,1001800000,,
Mahinog,1000000000,1001803000,1295,1001800000,,
Mambajao,1000000000,1001804000,1296,1001800000,,
Sagay,1000000000,1001805000,1297,1001800000,,
Bacolod,1000000000,1003501000,1298,1003500000,,
Baloi,1000000000,1003502000,1299,1003500000,,
Baroy,1000000000,1003503000,1300,1003500000,,
Kapatagan,1000000000,1003505000,1301,1003500000,,
Sultan Naga Dimaporo,1000000000,1003506000,1302,1003500000,,
Kauswagan,1000000000,1003507000,1303,1003500000,,
Kolambugan,1000000000,1003508000,1304,1003500000,,
Lala,1000000000,1003509000,1305,1003500000,,
Linamon,1000000000,1003510000,1306,1003500000,,
Magsaysay,1000000000,1003511000,1307,1003500000,,
Maigo,1000000000,1003512000,1308,1003500000,,
Matungao,1000000000,1003513000,1309,1003500000,,
Munai,1000000000,1003514000,1310,1003500000,,
Nunungan,1000000000,1003515000,1311,1003500000,,
Pantao Ragat,1000000000,1003516000,1312,1003500000,,
Poona Piagapo,1000000000,1003517000,1313,1003500000,,
Salvador,1000000000,1003518000,1314,1003500000,,
Sapad,1000000000,1003519000,1315,1003500000,,
Tagoloan,1000000000,1003520000,1316,1003500000,,
Tangcal,1000000000,1003521000,1317,1003500000,,
Tubod,1000000000,1003522000,1318,1003500000,,
Pantar,1000000000,1003523000,1319,1003500000,,
Aloran,1000000000,1004201000,1320,1004200000,,
Baliangao,1000000000,1004202000,1321,1004200000,,
Bonifacio,1000000000,1004203000,1322,1004200000,,
Calamba,1000000000,1004204000,1323,1004200000,,
Clarin,1000000000,1004205000,1324,1004200000,,
Concepcion,1000000000,1004206000,1325,1004200000,,
Jimenez,1000000000,1004207000,1326,1004200000,,
Lopez Jaena,1000000000,1004208000,1327,1004200000,,
City of Oroquieta,1000000000,1004209000,1328,1004200000,,
City of Ozamiz,1000000000,1004210000,1329,1004200000,,
Panaon,1000000000,1004211000,1330,1004200000,,
Plaridel,1000000000,1004212000,1331,1004200000,,
Sapang Dalaga,1000000000,1004213000,1332,1004200000,,
Sinacaban,1000000000,1004214000,1333,1004200000,,
City of Tangub,1000000000,1004215000,1334,1004200000,,
Tudela,1000000000,1004216000,1335,1004200000,,
Don Victoriano Chiongbian,1000000000,1004217000,1336,1004200000,,
Tugunan,1900000000,1999908000,1642,,,
Alubijid,1000000000,1004301000,1337,1004300000,,
Balingasag,1000000000,1004302000,1338,1004300000,,
Balingoan,1000000000,1004303000,1339,1004300000,,
Binuangan,1000000000,1004304000,1340,1004300000,,
Claveria,1000000000,1004306000,1341,1004300000,,
City of El Salvador,1000000000,1004307000,1342,1004300000,,
City of Gingoog,1000000000,1004308000,1343,1004300000,,
Gitagum,1000000000,1004309000,1344,1004300000,,
Initao,1000000000,1004310000,1345,1004300000,,
Jasaan,1000000000,1004311000,1346,1004300000,,
Kinoguitan,1000000000,1004312000,1347,1004300000,,
Lagonglong,1000000000,1004313000,1348,1004300000,,
Laguindingan,1000000000,1004314000,1349,1004300000,,
Libertad,1000000000,1004315000,1350,1004300000,,
Lugait,1000000000,1004316000,1351,1004300000,,
Magsaysay,1000000000,1004317000,1352,1004300000,,
Manticao,1000000000,1004318000,1353,1004300000,,
Medina,1000000000,1004319000,1354,1004300000,,
Naawan,1000000000,1004320000,1355,1004300000,,
Opol,1000000000,1004321000,1356,1004300000,,
Salay,1000000000,1004322000,1357,1004300000,,
Sugbongcogon,1000000000,1004323000,1358,1004300000,,
Tagoloan,1000000000,1004324000,1359,1004300000,,
Talisayan,1000000000,1004325000,1360,1004300000,,
Villanueva,1000000000,1004326000,1361,1004300000,,
Asuncion,1100000000,1102301000,1364,1102300000,,
Carmen,1100000000,1102303000,1365,1102300000,,
Kapalong,1100000000,1102305000,1366,1102300000,,
New Corella,1100000000,1102314000,1367,1102300000,,
City of Panabo,1100000000,1102315000,1368,1102300000,,
Island Garden City of Samal,1100000000,1102317000,1369,1102300000,,
Santo Tomas,1100000000,1102318000,1370,1102300000,,
City of Tagum,1100000000,1102319000,1371,1102300000,,
Talaingod,1100000000,1102322000,1372,1102300000,,
Braulio E. Dujali,1100000000,1102323000,1373,1102300000,,
San Isidro,1100000000,1102324000,1374,1102300000,,
Bansalan,1100000000,1102401000,1375,1102400000,,
City of Digos,1100000000,1102403000,1376,1102400000,,
Hagonoy,1100000000,1102404000,1377,1102400000,,
Kiblawan,1100000000,1102406000,1378,1102400000,,
Magsaysay,1100000000,1102407000,1379,1102400000,,
Malalag,1100000000,1102408000,1380,1102400000,,
Matanao,1100000000,1102410000,1381,1102400000,,
Padada,1100000000,1102411000,1382,1102400000,,
Santa Cruz,1100000000,1102412000,1383,1102400000,,
Sulop,1100000000,1102414000,1384,1102400000,,
Baganga,1100000000,1102501000,1385,1102500000,,
Banaybanay,1100000000,1102502000,1386,1102500000,,
Boston,1100000000,1102503000,1387,1102500000,,
Caraga,1100000000,1102504000,1388,1102500000,,
Cateel,1100000000,1102505000,1389,1102500000,,
Governor Generoso,1100000000,1102506000,1390,1102500000,,
Lupon,1100000000,1102507000,1391,1102500000,,
Manay,1100000000,1102508000,1392,1102500000,,
City of Mati,1100000000,1102509000,1393,1102500000,,
San Isidro,1100000000,1102510000,1394,1102500000,,
Tarragona,1100000000,1102511000,1395,1102500000,,
Compostela,1100000000,1108201000,1396,1108200000,,
Laak,1100000000,1108202000,1397,1108200000,,
Mabini,1100000000,1108203000,1398,1108200000,,
Maco,1100000000,1108204000,1399,1108200000,,
Maragusan,1100000000,1108205000,1400,1108200000,,
Mawab,1100000000,1108206000,1401,1108200000,,
Monkayo,1100000000,1108207000,1402,1108200000,,
Montevista,1100000000,1108208000,1403,1108200000,,
Nabunturan,1100000000,1108209000,1404,1108200000,,
New Bataan,1100000000,1108210000,1405,1108200000,,
Pantukan,1100000000,1108211000,1406,1108200000,,
Don Marcelino,1100000000,1108601000,1407,1108600000,,
Jose Abad Santos,1100000000,1108602000,1408,1108600000,,
Malita,1100000000,1108603000,1409,1108600000,,
Santa Maria,1100000000,1108604000,1410,1108600000,,
Sarangani,1100000000,1108605000,1411,1108600000,,
City of Davao,1100000000,1130700000,1412,1102400000,,
Alamada,1200000000,1204701000,1413,1204700000,,
Carmen,1200000000,1204702000,1414,1204700000,,
Kabacan,1200000000,1204703000,1415,1204700000,,
City of Kidapawan,1200000000,1204704000,1416,1204700000,,
Libungan,1200000000,1204705000,1417,1204700000,,
Magpet,1200000000,1204706000,1418,1204700000,,
Makilala,1200000000,1204707000,1419,1204700000,,
Matalam,1200000000,1204708000,1420,1204700000,,
Midsayap,1200000000,1204709000,1421,1204700000,,
M'Lang,1200000000,1204710000,1422,1204700000,,
Pigkawayan,1200000000,1204711000,1423,1204700000,,
Pikit,1200000000,1204712000,1424,1204700000,,
President Roxas,1200000000,1204713000,1425,1204700000,,
Tulunan,1200000000,1204714000,1426,1204700000,,
Antipas,1200000000,1204715000,1427,1204700000,,
Banisilan,1200000000,1204716000,1428,1204700000,,
Aleosan,1200000000,1204717000,1429,1204700000,,
Arakan,1200000000,1204718000,1430,1204700000,,
Banga,1200000000,1206302000,1431,1206300000,,
City of Koronadal,1200000000,1206306000,1432,1206300000,,
Norala,1200000000,1206311000,1433,1206300000,,
Polomolok,1200000000,1206312000,1434,1206300000,,
Surallah,1200000000,1206313000,1435,1206300000,,
Tampakan,1200000000,1206314000,1436,1206300000,,
Tantangan,1200000000,1206315000,1437,1206300000,,
T'Boli,1200000000,1206316000,1438,1206300000,,
Tupi,1200000000,1206317000,1439,1206300000,,
Santo Niño,1200000000,1206318000,1440,1206300000,,
Lake Sebu,1200000000,1206319000,1441,1206300000,,
Bagumbayan,1200000000,1206501000,1442,1206500000,,
Columbio,1200000000,1206502000,1443,1206500000,,
Esperanza,1200000000,1206503000,1444,1206500000,,
Isulan,1200000000,1206504000,1445,1206500000,,
Kalamansig,1200000000,1206505000,1446,1206500000,,
Lebak,1200000000,1206506000,1447,1206500000,,
Lutayan,1200000000,1206507000,1448,1206500000,,
Lambayong,1200000000,1206508000,1449,1206500000,,
Palimbang,1200000000,1206509000,1450,1206500000,,
President Quirino,1200000000,1206510000,1451,1206500000,,
City of Tacurong,1200000000,1206511000,1452,1206500000,,
Sen. Ninoy Aquino,1200000000,1206512000,1453,1206500000,,
Alabel,1200000000,1208001000,1454,1208000000,,
Glan,1200000000,1208002000,1455,1208000000,,
Kiamba,1200000000,1208003000,1456,1208000000,,
Maasim,1200000000,1208004000,1457,1208000000,,
Maitum,1200000000,1208005000,1458,1208000000,,
Malapatan,1200000000,1208006000,1459,1208000000,,
Malungon,1200000000,1208007000,1460,1208000000,,
City of General Santos,1200000000,1230800000,1461,1206300000,,
Buenavista,1600000000,1600201000,1462,1600200000,,
City of Cabadbaran,1600000000,1600203000,1463,1600200000,,
Carmen,1600000000,1600204000,1464,1600200000,,
Jabonga,1600000000,1600205000,1465,1600200000,,
Kitcharao,1600000000,1600206000,1466,1600200000,,
Las Nieves,1600000000,1600207000,1467,1600200000,,
Magallanes,1600000000,1600208000,1468,1600200000,,
Nasipit,1600000000,1600209000,1469,1600200000,,
Santiago,1600000000,1600210000,1470,1600200000,,
Tubay,1600000000,1600211000,1471,1600200000,,
Remedios T. Romualdez,1600000000,1600212000,1472,1600200000,,
City of Bayugan,1600000000,1600301000,1473,1600300000,,
Bunawan,1600000000,1600302000,1474,1600300000,,
Esperanza,1600000000,1600303000,1475,1600300000,,
La Paz,1600000000,1600304000,1476,1600300000,,
Loreto,1600000000,1600305000,1477,1600300000,,
Prosperidad,1600000000,1600306000,1478,1600300000,,
Rosario,1600000000,1600307000,1479,1600300000,,
San Francisco,1600000000,1600308000,1480,1600300000,,
San Luis,1600000000,1600309000,1481,1600300000,,
Santa Josefa,1600000000,1600310000,1482,1600300000,,
Talacogon,1600000000,1600311000,1483,1600300000,,
Trento,1600000000,1600312000,1484,1600300000,,
Veruela,1600000000,1600313000,1485,1600300000,,
Sibagat,1600000000,1600314000,1486,1600300000,,
Alegria,1600000000,1606701000,1487,1606700000,,
Bacuag,1600000000,1606702000,1488,1606700000,,
Burgos,1600000000,1606704000,1489,1606700000,,
Claver,1600000000,1606706000,1490,1606700000,,
Dapa,1600000000,1606707000,1491,1606700000,,
Del Carmen,1600000000,1606708000,1492,1606700000,,
General Luna,1600000000,1606710000,1493,1606700000,,
Gigaquit,1600000000,1606711000,1494,1606700000,,
Mainit,1600000000,1606714000,1495,1606700000,,
Malimono,1600000000,1606715000,1496,1606700000,,
Pilar,1600000000,1606716000,1497,1606700000,,
Placer,1600000000,1606717000,1498,1606700000,,
San Benito,1600000000,1606718000,1499,1606700000,,
San Francisco,1600000000,1606719000,1500,1606700000,,
San Isidro,1600000000,1606720000,1501,1606700000,,
Santa Monica,1600000000,1606721000,1502,1606700000,,
Sison,1600000000,1606722000,1503,1606700000,,
Socorro,1600000000,1606723000,1504,1606700000,,
City of Surigao,1600000000,1606724000,1505,1606700000,,
Tagana-An,1600000000,1606725000,1506,1606700000,,
Tubod,1600000000,1606727000,1507,1606700000,,
Barobo,1600000000,1606801000,1508,1606800000,,
Bayabas,1600000000,1606802000,1509,1606800000,,
City of Bislig,1600000000,1606803000,1510,1606800000,,
Cagwait,1600000000,1606804000,1511,1606800000,,
Cantilan,1600000000,1606805000,1512,1606800000,,
Carmen,1600000000,1606806000,1513,1606800000,,
Carrascal,1600000000,1606807000,1514,1606800000,,
Cortes,1600000000,1606808000,1515,1606800000,,
Hinatuan,1600000000,1606809000,1516,1606800000,,
Lanuza,1600000000,1606810000,1517,1606800000,,
Lianga,1600000000,1606811000,1518,1606800000,,
Lingig,1600000000,1606812000,1519,1606800000,,
Madrid,1600000000,1606813000,1520,1606800000,,
Marihatag,1600000000,1606814000,1521,1606800000,,
San Agustin,1600000000,1606815000,1522,1606800000,,
San Miguel,1600000000,1606816000,1523,1606800000,,
Tagbina,1600000000,1606817000,1524,1606800000,,
Tago,1600000000,1606818000,1525,1606800000,,
City of Tandag,1600000000,1606819000,1526,1606800000,,
Basilisa,1600000000,1608501000,1527,1608500000,,
Cagdianao,1600000000,1608502000,1528,1608500000,,
Dinagat,1600000000,1608503000,1529,1608500000,,
Libjo,1600000000,1608504000,1530,1608500000,,
Loreto,1600000000,1608505000,1531,1608500000,,
San Jose,1600000000,1608506000,1532,1608500000,,
Tubajon,1600000000,1608507000,1533,1608500000,,
City of Butuan,1600000000,1630400000,1534,1600200000,,
City of Lamitan,1900000000,1900702000,1535,1900700000,,
Lantawan,1900000000,1900703000,1536,1900700000,,
Maluso,1900000000,1900704000,1537,1900700000,,
Sumisip,1900000000,1900705000,1538,1900700000,,
Tipo-Tipo,1900000000,1900706000,1539,1900700000,,
Tuburan,1900000000,1900707000,1540,1900700000,,
Akbar,1900000000,1900708000,1541,1900700000,,
Al-Barka,1900000000,1900709000,1542,1900700000,,
Hadji Mohammad Ajul,1900000000,1900710000,1543,1900700000,,
Ungkaya Pukan,1900000000,1900711000,1544,1900700000,,
Hadji Muhtamad,1900000000,1900712000,1545,1900700000,,
Tabuan-Lasa,1900000000,1900713000,1546,1900700000,,
Bacolod-Kalawi,1900000000,1903601000,1547,1903600000,,
Balabagan,1900000000,1903602000,1548,1903600000,,
Balindong,1900000000,1903603000,1549,1903600000,,
Bayang,1900000000,1903604000,1550,1903600000,,
Binidayan,1900000000,1903605000,1551,1903600000,,
Bubong,1900000000,1903606000,1552,1903600000,,
Butig,1900000000,1903607000,1553,1903600000,,
Ganassi,1900000000,1903609000,1554,1903600000,,
Kapai,1900000000,1903610000,1555,1903600000,,
Lumba-Bayabao,1900000000,1903611000,1556,1903600000,,
Lumbatan,1900000000,1903612000,1557,1903600000,,
Madalum,1900000000,1903613000,1558,1903600000,,
Madamba,1900000000,1903614000,1559,1903600000,,
Malabang,1900000000,1903615000,1560,1903600000,,
Marantao,1900000000,1903616000,1561,1903600000,,
City of Marawi,1900000000,1903617000,1562,1903600000,,
Masiu,1900000000,1903618000,1563,1903600000,,
Mulondo,1900000000,1903619000,1564,1903600000,,
Pagayawan,1900000000,1903620000,1565,1903600000,,
Piagapo,1900000000,1903621000,1566,1903600000,,
Poona Bayabao,1900000000,1903622000,1567,1903600000,,
Pualas,1900000000,1903623000,1568,1903600000,,
Ditsaan-Ramain,1900000000,1903624000,1569,1903600000,,
Saguiaran,1900000000,1903625000,1570,1903600000,,
Tamparan,1900000000,1903626000,1571,1903600000,,
Taraka,1900000000,1903627000,1572,1903600000,,
Tubaran,1900000000,1903628000,1573,1903600000,,
Tugaya,1900000000,1903629000,1574,1903600000,,
Wao,1900000000,1903630000,1575,1903600000,,
Marogong,1900000000,1903631000,1576,1903600000,,
Calanogas,1900000000,1903632000,1577,1903600000,,
Buadiposo-Buntong,1900000000,1903633000,1578,1903600000,,
Maguing,1900000000,1903634000,1579,1903600000,,
Picong,1900000000,1903635000,1580,1903600000,,
Lumbayanague,1900000000,1903636000,1581,1903600000,,
Amai Manabilang,1900000000,1903637000,1582,1903600000,,
Tagoloan II,1900000000,1903638000,1583,1903600000,,
Kapatagan,1900000000,1903639000,1584,1903600000,,
Sultan Dumalondong,1900000000,1903640000,1585,1903600000,,
Lumbaca-Unayan,1900000000,1903641000,1586,1903600000,,
Panglima Sugala,1900000000,1907001000,1587,1907000000,,
Bongao,1900000000,1907002000,1588,1907000000,,
Mapun,1900000000,1907003000,1589,1907000000,,
Simunul,1900000000,1907004000,1590,1907000000,,
Sitangkai,1900000000,1907005000,1591,1907000000,,
South Ubian,1900000000,1907006000,1592,1907000000,,
Tandubas,1900000000,1907007000,1593,1907000000,,
Turtle Islands,1900000000,1907008000,1594,1907000000,,
Languyan,1900000000,1907009000,1595,1907000000,,
Sapa-Sapa,1900000000,1907010000,1596,1907000000,,
Sibutu,1900000000,1907011000,1597,1907000000,,
Barira,1900000000,1908701000,1598,1908700000,,
Buldon,1900000000,1908702000,1599,1908700000,,
City of Cotabato,1900000000,1908703000,1600,1908700000,,
Datu Blah T. Sinsuat,1900000000,1908704000,1601,1908700000,,
Datu Odin Sinsuat,1900000000,1908705000,1602,1908700000,,
Kabuntalan,1900000000,1908706000,1603,1908700000,,
Matanog,1900000000,1908707000,1604,1908700000,,
Northern Kabuntalan,1900000000,1908708000,1605,1908700000,,
Parang,1900000000,1908709000,1606,1908700000,,
Sultan Kudarat,1900000000,1908710000,1607,1908700000,,
Sultan Mastura,1900000000,1908711000,1608,1908700000,,
Talitay,1900000000,1908712000,1609,1908700000,,
Upi,1900000000,1908713000,1610,1908700000,,
Ampatuan,1900000000,1908801000,1611,1908800000,,
Buluan,1900000000,1908802000,1612,1908800000,,
Datu Abdullah Sangki,1900000000,1908803000,1613,1908800000,,
Datu Anggal Midtimbang,1900000000,1908804000,1614,1908800000,,
Datu Hoffer Ampatuan,1900000000,1908805000,1615,1908800000,,
Datu Paglas,1900000000,1908806000,1616,1908800000,,
Datu Piang,1900000000,1908807000,1617,1908800000,,
Datu Salibo,1900000000,1908808000,1618,1908800000,,
Datu Saudi Ampatuan,1900000000,1908809000,1619,1908800000,,
Datu Unsay,1900000000,1908810000,1620,1908800000,,
Gen. S.K. Pendatun,1900000000,1908811000,1621,1908800000,,
Guindulungan,1900000000,1908812000,1622,1908800000,,
Mamasapano,1900000000,1908813000,1623,1908800000,,
Mangudadatu,1900000000,1908814000,1624,1908800000,,
Pagagawan,1900000000,1908815000,1625,1908800000,,
Pagalungan,1900000000,1908816000,1626,1908800000,,
Paglat,1900000000,1908817000,1627,1908800000,,
Pandag,1900000000,1908818000,1628,1908800000,,
Rajah Buayan,1900000000,1908819000,1629,1908800000,,
Shariff Aguak,1900000000,1908820000,1630,1908800000,,
Shariff Saydona Mustapha,1900000000,1908821000,1631,1908800000,,
South Upi,1900000000,1908822000,1632,1908800000,,
Sultan Sa Barongis,1900000000,1908823000,1633,1908800000,,
Talayan,1900000000,1908824000,1634,1908800000,,
Kapalawan,1900000000,1999901000,1635,,,
Old Kaabakan,1900000000,1999902000,1636,,,
Kadayangan,1900000000,1999903000,1637,,,
Nabalawag,1900000000,1999904000,1638,,,
Pahamuddin,1900000000,1999905000,1639,,,
Malidegao,1900000000,1999906000,1640,,,
City of Angeles,0300000000,0330100000,441,0305400000,,
City of Olongapo,0300000000,0331400000,442,0307100000,,
City of Lucena,0400000000,0431200000,584,0405600000,,
City of Puerto Princesa,1700000000,1731500000,657,1705300000,,
City of Iloilo,0600000000,0631000000,872,0603000000,,
City of Cebu,0700000000,0730600000,1034,0702200000,,
City of Lapu-Lapu,0700000000,0731100000,1035,0702200000,,
City of Mandaue,0700000000,0731300000,1036,0702200000,,
City of Tacloban,0800000000,0831600000,1179,0803700000,,
City of Zamboanga,0900000000,0931700000,1270,0907300000,,
City of Cagayan De Oro,1000000000,1030500000,1362,1004300000,,
City of Iligan,1000000000,1030900000,1363,1003500000,,
